feature,mean_abs_shap
price,819762.7006753138
sales_volume,210393.4272475523
brand_Samsung,68531.99499238077
camera_mp,40920.11438362981
revenue,30647.828240537132
battery,16700.836963093032
promo,16574.63627919791
brand_OnePlus,10893.818605522216
sentiment,8611.373932214523
ram,6524.609939223932
storage,3047.3822536949733
os_iOS,1047.5407267933206
quarter_2,582.222945703565
brand_Xiaomi,410.6692564764126
quarter_3,0.0
quarter_4,0.0
