feature,mean_abs_shap
price,838973.140030121
brand_OnePlus,115139.48516194933
os_iOS,63766.186496765535
camera_mp,43020.11595994595
brand_Xiaomi,29109.217114936473
promo,18246.44966659585
battery,17376.044042813428
brand_Samsung,11683.728161758798
sentiment,10121.073912352227
ram,6531.289122881474
storage,3489.9663614401125
quarter_sin,653.5582798725453
quarter_cos,521.043451498961
quarter_2,394.79526572751706
quarter_3,310.4503077384513
quarter_4,303.2020524989734
