metric,value
r2,0.9955158720216355
mse,5913768748.021348
mae,47309.66572115502
rmse,76901.03216486335
mape,4.536963073811622
cv_r2,0.9931255927369358
cv_mse,9825533746.988642
cv_mae,58454.07109197414
ci_alpha,0.057208511241788634
