metric,value
r2,0.9948936215231304
mse,7441946541.389277
mae,52699.53416386627
cv_r2,0.993153013793161
cv_mse,9612372679.39167
cv_mae,57892.58292692851
ci_alpha,0.06002936316109268
