metric,value
r2,0.9933463000738227
mse,8818623470.09475
mae,54996.37532462806
cv_r2,0.994095192653447
cv_mse,8302857741.30928
cv_mae,53241.901642872326
std_residuals,93906.4653335898
