mse,r2
8985272877.323301,0.993220562179203
